Date, Rise, Transit, Set, RA_Transit, Dec_Transit, NPD_08h, Hrly_Var, NPD_14h, Hrly_Var, EOT_12h, GST_00h_UT
2025-03-01, 06:13:31, 12:08:58, 18:04:38, 22 49 11, -07 30 30,  97 34 18, -57.04,  97 28 36, -57.11, -12 19.6, 10 36 12.6
2025-03-02, 06:12:55, 12:08:47, 18:04:50, 22 52 56, -07 07 37,  97 11 27, -57.30,  97 05 43, -57.37, -12 07.6, 10 40 09.2
2025-03-03, 06:12:19, 12:08:34, 18:05:01, 22 56 40, -06 44 39,  96 48 29, -57.55,  96 42 44, -57.61, -11 55.2, 10 44 05.7
2025-03-04, 06:11:42, 12:08:21, 18:05:13, 23 00 24, -06 21 35,  96 25 26, -57.78,  96 19 39, -57.83, -11 42.4, 10 48 02.3
2025-03-05, 06:11:05, 12:08:08, 18:05:24, 23 04 07, -05 58 25,  96 02 17, -57.99,  95 56 29, -58.04, -11 29.1, 10 51 58.8
2025-03-06, 06:10:27, 12:07:54, 18:05:34, 23 07 50, -05 35 11,  95 39 04, -58.19,  95 33 14, -58.24, -11 15.3, 10 55 55.4
2025-03-07, 06:09:48, 12:07:40, 18:05:44, 23 11 32, -05 11 52,  95 15 45, -58.37,  95 09 55, -58.41, -11 01.2, 10 59 51.9
2025-03-08, 06:09:09, 12:07:26, 18:05:54, 23 15 14, -04 48 29,  94 52 23, -58.54,  94 46 32, -58.57, -10 46.6, 11 03 48.5
2025-03-09, 06:08:30, 12:07:11, 18:06:03, 23 18 56, -04 25 02,  94 28 57, -58.68,  94 23 05, -58.72, -10 31.7, 11 07 45.1
2025-03-10, 06:07:50, 12:06:55, 18:06:13, 23 22 37, -04 01 32,  94 05 27, -58.82,  93 59 34, -58.85, -10 16.5, 11 11 41.6
2025-03-11, 06:07:10, 12:06:40, 18:06:22, 23 26 18, -03 37 59,  93 41 54, -58.94,  93 36 01, -58.96, -10 00.9, 11 15 38.2
2025-03-12, 06:06:30, 12:06:24, 18:06:30, 23 29 59, -03 14 23,  93 18 19, -59.04,  93 12 25, -59.06, -09 45.0, 11 19 34.7
2025-03-13, 06:05:49, 12:06:08, 18:06:39, 23 33 39, -02 50 45,  92 54 41, -59.12,  92 48 46, -59.14, -09 28.8, 11 23 31.3
2025-03-14, 06:05:08, 12:05:51, 18:06:47, 23 37 19, -02 27 05,  92 31 02, -59.19,  92 25 06, -59.21, -09 12.3, 11 27 27.8
2025-03-15, 06:04:27, 12:05:35, 18:06:55, 23 40 59, -02 03 23,  92 07 20, -59.25,  92 01 25, -59.26, -08 55.6, 11 31 24.4
2025-03-16, 06:03:45, 12:05:18, 18:07:02, 23 44 39, -01 39 41,  91 43 38, -59.29,  91 37 42, -59.29, -08 38.7, 11 35 20.9
2025-03-17, 06:03:03, 12:05:00, 18:07:10, 23 48 18, -01 15 58,  91 19 55, -59.31,  91 13 59, -59.31, -08 21.5, 11 39 17.5
2025-03-18, 06:02:21, 12:04:43, 18:07:17, 23 51 57, -00 52 14,  90 56 11, -59.32,  90 50 16, -59.32, -08 04.2, 11 43 14.1
2025-03-19, 06:01:39, 12:04:26, 18:07:24, 23 55 36, -00 28 31,  90 32 28, -59.31,  90 26 32, -59.31, -07 46.7, 11 47 10.6
2025-03-20, 06:00:57, 12:04:08, 18:07:31, 23 59 15, -00 04 47,  90 08 45, -59.29,  90 02 49, -59.28, -07 29.0, 11 51 07.2
2025-03-21, 06:00:15, 12:03:50, 18:07:38, 00 02 54, +00 18 54,  89 45 02, -59.25,  89 39 06, -59.24, -07 11.2, 11 55 03.7
2025-03-22, 05:59:32, 12:03:32, 18:07:45, 00 06 33, +00 42 36,  89 21 20, -59.20,  89 15 25, -59.18, -06 53.4, 11 59 00.3
2025-03-23, 05:58:49, 12:03:14, 18:07:52, 00 10 11, +01 06 15,  88 57 40, -59.13,  88 51 45, -59.11, -06 35.4, 12 02 56.8
2025-03-24, 05:58:07, 12:02:56, 18:07:58, 00 13 50, +01 29 54,  88 34 02, -59.05,  88 28 07, -59.03, -06 17.3, 12 06 53.4
2025-03-25, 05:57:24, 12:02:38, 18:08:05, 00 17 28, +01 53 30,  88 10 25, -58.95,  88 04 31, -58.93, -05 59.3, 12 10 49.9
2025-03-26, 05:56:41, 12:02:20, 18:08:11, 00 21 07, +02 17 03,  87 46 51, -58.84,  87 40 58, -58.81, -05 41.2, 12 14 46.5
2025-03-27, 05:55:58, 12:02:02, 18:08:18, 00 24 45, +02 40 34,  87 23 20, -58.72,  87 17 28, -58.68, -05 23.0, 12 18 43.1
2025-03-28, 05:55:16, 12:01:44, 18:08:24, 00 28 24, +03 04 01,  86 59 52, -58.57,  86 54 01, -58.53, -05 04.9, 12 22 39.6
2025-03-29, 05:54:33, 12:01:26, 18:08:31, 00 32 02, +03 27 25,  86 36 28, -58.42,  86 30 37, -58.38, -04 46.9, 12 26 36.2
2025-03-30, 05:53:50, 12:01:08, 18:08:37, 00 35 41, +03 50 45,  86 13 07, -58.25,  86 07 18, -58.20, -04 28.9, 12 30 32.7
2025-03-31, 05:53:08, 12:00:50, 18:08:44, 00 39 19, +04 14 00,  85 49 51, -58.06,  85 44 03, -58.01, -04 10.9, 12 34 29.3
2025-04-01, 05:52:26, 12:00:32, 18:08:50, 00 42 58, +04 37 11,  85 26 39, -57.86,  85 20 52, -57.81, -03 53.1, 12 38 25.8
2025-04-02, 05:51:44, 12:00:14, 18:08:57, 00 46 37, +05 00 17,  85 03 33, -57.65,  84 57 47, -57.59, -03 35.3, 12 42 22.4
2025-04-03, 05:51:02, 11:59:57, 18:09:04, 00 50 16, +05 23 18,  84 40 31, -57.42,  84 34 47, -57.36, -03 17.7, 12 46 18.9
2025-04-04, 05:50:20, 11:59:39, 18:09:11, 00 53 55, +05 46 12,  84 17 35, -57.17,  84 11 52, -57.11, -03 00.3, 12 50 15.5
2025-04-05, 05:49:38, 11:59:22, 18:09:18, 00 57 34, +06 09 01,  83 54 45, -56.92,  83 49 04, -56.85, -02 43.0, 12 54 12.1
2025-04-06, 05:48:57, 11:59:05, 18:09:25, 01 01 14, +06 31 44,  83 32 02, -56.64,  83 26 22, -56.57, -02 25.9, 12 58 08.6
2025-04-07, 05:48:16, 11:58:48, 18:09:32, 01 04 53, +06 54 20,  83 09 25, -56.36,  83 03 47, -56.28, -02 09.0, 13 02 05.2
2025-04-08, 05:47:35, 11:58:31, 18:09:39, 01 08 33, +07 16 48,  82 46 55, -56.06,  82 41 19, -55.98, -01 52.4, 13 06 01.7
2025-04-09, 05:46:55, 11:58:15, 18:09:47, 01 12 13, +07 39 10,  82 24 32, -55.74,  82 18 58, -55.66, -01 35.9, 13 09 58.3
2025-04-10, 05:46:15, 11:57:59, 18:09:54, 01 15 54, +08 01 23,  82 02 18, -55.41,  81 56 45, -55.33, -01 19.8, 13 13 54.8
2025-04-11, 05:45:35, 11:57:43, 18:10:02, 01 19 34, +08 23 29,  81 40 11, -55.07,  81 34 40, -54.98, -01 03.9, 13 17 51.4
2025-04-12, 05:44:56, 11:57:27, 18:10:10, 01 23 15, +08 45 26,  81 18 12, -54.71,  81 12 44, -54.62, -00 48.3, 13 21 47.9
2025-04-13, 05:44:17, 11:57:12, 18:10:19, 01 26 57, +09 07 14,  80 56 23, -54.34,  80 50 57, -54.24, -00 33.0, 13 25 44.5
2025-04-14, 05:43:38, 11:56:57, 18:10:27, 01 30 38, +09 28 53,  80 34 42, -53.95,  80 29 18, -53.85, -00 18.0, 13 29 41.0
2025-04-15, 05:43:00, 11:56:42, 18:10:36, 01 34 20, +09 50 23,  80 13 11, -53.55,  80 07 49, -53.45, -00 03.4, 13 33 37.6
2025-04-16, 05:42:23, 11:56:28, 18:10:45, 01 38 02, +10 11 43,  79 51 49, -53.14,  79 46 30, -53.03, +00 10.8, 13 37 34.2
2025-04-17, 05:41:46, 11:56:14, 18:10:54, 01 41 45, +10 32 52,  79 30 37, -52.71,  79 25 21, -52.60, +00 24.7, 13 41 30.7
2025-04-18, 05:41:09, 11:56:01, 18:11:04, 01 45 28, +10 53 52,  79 09 36, -52.27,  79 04 23, -52.16, +00 38.2, 13 45 27.3
2025-04-19, 05:40:33, 11:55:48, 18:11:13, 01 49 11, +11 14 40,  78 48 46, -51.81,  78 43 35, -51.70, +00 51.3, 13 49 23.8
2025-04-20, 05:39:57, 11:55:35, 18:11:23, 01 52 55, +11 35 18,  78 28 07, -51.34,  78 22 59, -51.23, +01 04.0, 13 53 20.4
2025-04-21, 05:39:23, 11:55:23, 18:11:34, 01 56 40, +11 55 44,  78 07 39, -50.86,  78 02 33, -50.74, +01 16.3, 13 57 16.9
2025-04-22, 05:38:48, 11:55:11, 18:11:44, 02 00 24, +12 15 58,  77 47 22, -50.36,  77 42 20, -50.24, +01 28.1, 14 01 13.5
2025-04-23, 05:38:14, 11:54:59, 18:11:55, 02 04 09, +12 36 00,  77 27 18, -49.85,  77 22 19, -49.72, +01 39.5, 14 05 10.0
2025-04-24, 05:37:41, 11:54:48, 18:12:07, 02 07 55, +12 55 50,  77 07 26, -49.33,  77 02 30, -49.20, +01 50.5, 14 09 06.6
2025-04-25, 05:37:09, 11:54:38, 18:12:18, 02 11 41, +13 15 27,  76 47 47, -48.79,  76 42 55, -48.65, +02 00.9, 14 13 03.2
2025-04-26, 05:36:37, 11:54:28, 18:12:30, 02 15 28, +13 34 51,  76 28 21, -48.24,  76 23 32, -48.10, +02 10.9, 14 16 59.7
2025-04-27, 05:36:06, 11:54:18, 18:12:42, 02 19 15, +13 54 01,  76 09 09, -47.67,  76 04 23, -47.53, +02 20.3, 14 20 56.3
2025-04-28, 05:35:35, 11:54:10, 18:12:54, 02 23 02, +14 12 58,  75 50 10, -47.09,  75 45 27, -46.95, +02 29.3, 14 24 52.8
2025-04-29, 05:35:05, 11:54:01, 18:13:07, 02 26 51, +14 31 40,  75 31 25, -46.50,  75 26 46, -46.35, +02 37.8, 14 28 49.4
2025-04-30, 05:34:36, 11:53:53, 18:13:20, 02 30 39, +14 50 08,  75 12 54, -45.90,  75 08 19, -45.74, +02 45.7, 14 32 45.9
